1_name,2_link,3_min_salary,4_max_salary,5_salary_cur,6_site
Руководитель/Менеджер по бережливому производству/Lean - менеджер/,https://hh.ru/vacancy/44620791?query=Lean,150000,,руб.,https://hh.ru
Руководитель проекта (бережливое производство),https://hh.ru/vacancy/44765845?query=Lean,80000,,руб.,https://hh.ru
Менеджер по развитию производственной системы и бережливому производству (Lean production manager),https://hh.ru/vacancy/42714864?query=Lean,,,,https://hh.ru
"Начальник отдела бережливого производства (непрерывных улучшений, Lean manager)",https://hh.ru/vacancy/44423952?query=Lean,,,,https://hh.ru
Руководитель направления по бережливому производству (Lean),https://hh.ru/vacancy/44512558?query=Lean,,,,https://hh.ru
Менеджер проекта по повышению эффективности (Lean Six Sigma),https://hh.ru/vacancy/44465336?query=Lean,,180000,руб.,https://hh.ru
Руководитель направления по Бережливому производству (Lean),https://hh.ru/vacancy/44513807?query=Lean,,,,https://hh.ru
Руководитель направления по Бережливому производству (Lean),https://hh.ru/vacancy/44513754?query=Lean,,,,https://hh.ru
Руководитель направления по Бережливому производству (Lean),https://hh.ru/vacancy/44513746?query=Lean,,,,https://hh.ru
Руководитель направления по Бережливому производству (Lean),https://hh.ru/vacancy/44513789?query=Lean,,,,https://hh.ru
Руководитель направления по Бережливому производству (Lean),https://hh.ru/vacancy/44513772?query=Lean,,,,https://hh.ru
Руководитель управления по развитию производственной системы (Operational excellence/Lean),https://hh.ru/vacancy/44285440?query=Lean,,,,https://hh.ru
Lean Process Manager,https://hh.ru/vacancy/44254191?query=Lean,1500,,EUR,https://hh.ru
Руководитель проектов (LEAN бережливое производство),https://hh.ru/vacancy/44020909?query=Lean,71144,102446,руб.,https://hh.ru
Директор по производству,https://hh.ru/vacancy/44756052?query=Lean,,,,https://hh.ru
Бизнес-аналитик в Neattech.io,https://hh.ru/vacancy/44759574?query=Lean,800,2000,USD,https://hh.ru
Заместитель директора по вопросам обучения и развития персонала (коуч),https://hh.ru/vacancy/44695803?query=Lean,150000,,руб.,https://hh.ru
Senior Android Developer,https://hh.ru/vacancy/44001221?query=Lean,,,,https://hh.ru
Front-end Developer,https://hh.ru/vacancy/44638762?query=Lean,,,,https://hh.ru
Керівник проектів з оптимізації процесів Казначейства,https://hh.ru/vacancy/43681113?query=Lean,,,,https://hh.ru
Scrum master,https://hh.ru/vacancy/44736166?query=Lean,100000,140000,руб.,https://hh.ru
Agile coach,https://hh.ru/vacancy/44718931?query=Lean,300000,350000,руб.,https://hh.ru
Agile coach,https://hh.ru/vacancy/44723358?query=Lean,130000,170000,руб.,https://hh.ru
Директор департаменту аналітики,https://hh.ru/vacancy/44559669?query=Lean,,,,https://hh.ru
Scrum master,https://hh.ru/vacancy/40625035?query=Lean,,,,https://hh.ru
Заместитель директора по качеству,https://hh.ru/vacancy/44255618?query=Lean,,,,https://hh.ru
Руководитель проекта,https://hh.ru/vacancy/44719638?query=Lean,170000,220000,руб.,https://hh.ru
Специалист по производственным системам,https://hh.ru/vacancy/44758138?query=Lean,,,,https://hh.ru
Аналитик бизнес-процессов,https://hh.ru/vacancy/41677153?query=Lean,60000,120000,руб.,https://hh.ru
Business Analyst / Бизнес Аналитик,https://hh.ru/vacancy/44120820?query=Lean,,,,https://hh.ru
Руководитель проектов,https://hh.ru/vacancy/44329606?query=Lean,,,,https://hh.ru
Production site manager,https://hh.ru/vacancy/44582540?query=Lean,,,,https://hh.ru
Materials and Manufacturing Planning Specialist\GE Healthcare,https://hh.ru/vacancy/44768809?query=Lean,,,,https://hh.ru
Главный технолог,https://hh.ru/vacancy/43957647?query=Lean,,250000,руб.,https://hh.ru
Product Owner,https://hh.ru/vacancy/44783791?query=Lean,,,,https://hh.ru
Project manager,https://hh.ru/vacancy/44378652?query=Lean,,,,https://hh.ru
Инженер по производственному обучению,https://hh.ru/vacancy/44291826?query=Lean,,,,https://hh.ru
Руководитель проектов,https://hh.ru/vacancy/44191515?query=Lean,,,,https://hh.ru
Консультант проектов по внедрению систем планирования,https://hh.ru/vacancy/40392174?query=Lean,100000,,руб.,https://hh.ru
QA/QC (Quality assurance / Quality control) manager / Менеджер по качеству,https://hh.ru/vacancy/44191380?query=Lean,100000,,руб.,https://hh.ru
Бизнес-аналитик,https://hh.ru/vacancy/43855525?query=Lean,,,,https://hh.ru
Product Manager,https://hh.ru/vacancy/43781560?query=Lean,,,,https://hh.ru
"Проект-менеджер/Категорийный менеджер (организация рабочих мест, 5S)",https://hh.ru/vacancy/44628867?query=Lean,100000,,руб.,https://hh.ru
Бизнес-аналитик,https://hh.ru/vacancy/44777461?query=Lean,,65000,руб.,https://hh.ru
SQA Capability Lead,https://hh.ru/vacancy/44724745?query=Lean,,,,https://hh.ru
Продакт-менеджер / Senior / Product Owner мобильного приложения,https://hh.ru/vacancy/44740771?query=Lean,,,,https://hh.ru
Operations Manager,https://hh.ru/vacancy/43060928?query=Lean,,,,https://hh.ru
Operations Manager,https://hh.ru/vacancy/43060925?query=Lean,,,,https://hh.ru
Operations Manager,https://hh.ru/vacancy/43060926?query=Lean,,,,https://hh.ru
Operations Manager,https://hh.ru/vacancy/43060927?query=Lean,,,,https://hh.ru
Operations Manager,https://hh.ru/vacancy/43060929?query=Lean,,,,https://hh.ru
Operations Manager,https://hh.ru/vacancy/43060930?query=Lean,,,,https://hh.ru
Operations Manager,https://hh.ru/vacancy/43060931?query=Lean,,,,https://hh.ru
Генеральний директор виробництва (Турція),https://hh.ru/vacancy/44528630?query=Lean,,,,https://hh.ru
Канбан-мастер/Kanban Coach,https://hh.ru/vacancy/44221282?query=Lean,,,,https://hh.ru
Менеджер по продукту,https://hh.ru/vacancy/44582686?query=Lean,60000,75000,руб.,https://hh.ru
Продакт-менеджер / Middle в продуктовую команду ПО,https://hh.ru/vacancy/44741124?query=Lean,,,,https://hh.ru
Аналитик данных / Бизнес-аналитик,https://hh.ru/vacancy/43996027?query=Lean,,,,https://hh.ru
Менеджер каталога IT-услуг (Micro Focus Service Manager),https://hh.ru/vacancy/44318881?query=Lean,,,,https://hh.ru
Менеджер каталога IT-услуг (Micro Focus Service Manager),https://hh.ru/vacancy/44318882?query=Lean,,,,https://hh.ru
Проджект менеджер,https://hh.ru/vacancy/44582736?query=Lean,60000,75000,руб.,https://hh.ru
Head of Marketing (E-commerce),https://hh.ru/vacancy/43058409?query=Lean,200000,,руб.,https://hh.ru
Product Marketing Manager (Space),https://hh.ru/vacancy/40502957?query=Lean,,,,https://hh.ru
Product Marketing Manager (Space),https://hh.ru/vacancy/40502958?query=Lean,,,,https://hh.ru
Менеджер по контролю качества,https://hh.ru/vacancy/43809489?query=Lean,,,,https://hh.ru
Продуктолог,https://hh.ru/vacancy/44579036?query=Lean,60000,75000,руб.,https://hh.ru
Начальник отдела по управлению релизами,https://hh.ru/vacancy/43266970?query=Lean,,,,https://hh.ru
Заместитель начальника технологического бюро,https://hh.ru/vacancy/44145795?query=Lean,45000,55000,руб.,https://hh.ru
Инженер-конструктор/технолог,https://hh.ru/vacancy/44789514?query=Lean,,,,https://hh.ru
Software Testing Engineer,https://hh.ru/vacancy/43640887?query=Lean,,,,https://hh.ru
Production manager assistant,https://hh.ru/vacancy/44751002?query=Lean,,,,https://hh.ru
Production manager assistant,https://hh.ru/vacancy/44751003?query=Lean,,,,https://hh.ru
Production manager assistant,https://hh.ru/vacancy/44751004?query=Lean,,,,https://hh.ru
"Ведущий аналитик 1С (МСФО, реглучет, ЭДО)",https://hh.ru/vacancy/42826442?query=Lean,150000,300000,руб.,https://hh.ru
Администратор отдела технологий производства,https://hh.ru/vacancy/44758463?query=Lean,,,,https://hh.ru
QA Mobile Engineer,https://hh.ru/vacancy/42429269?query=Lean,,,,https://hh.ru
"Директор по развитию бизнес-вертикали ""Рекламные услуги""",https://hh.ru/vacancy/42564678?query=Lean,,,,https://hh.ru
Ведущий бизнес-аналитик в Интернет-Банк,https://hh.ru/vacancy/39512015?query=Lean,,,,https://hh.ru
Senior Java Developer,https://hh.ru/vacancy/40041064?query=Lean,,,,https://hh.ru
Associate Digital Marketing Manager,https://hh.ru/vacancy/44340995?query=Lean,,,,https://hh.ru
Технолог табачного производства,https://hh.ru/vacancy/44680184?query=Lean,,,,https://hh.ru
Team Leader кейс-направления / Product manager,https://hh.ru/vacancy/42647313?query=Lean,,,,https://hh.ru
Data Base Administrator (Sybase),https://hh.ru/vacancy/44181550?query=Lean,3000,5000,USD,https://hh.ru
Middle / Senior Data Engineer (AWS),https://hh.ru/vacancy/41097681?query=Lean,,,,https://hh.ru
"Менеджер по персоналу, координатор",https://hh.ru/vacancy/44700095?query=Lean,,,,https://hh.ru
UI/UX Design Specialist,https://hh.ru/vacancy/43414143?query=Lean,,,,https://hh.ru
"Специалист группы операционных улучшений (Тамань, Краснодарский край)",https://hh.ru/vacancy/44681235?query=Lean,,,,https://hh.ru
Senior Mobile Developer (Xamarin),https://hh.ru/vacancy/44491255?query=Lean,4500,6000,USD,https://hh.ru
Senior Mobile Developer (Xamarin),https://hh.ru/vacancy/44491240?query=Lean,4500,6000,USD,https://hh.ru
Middle Product Manager (Первичный рынок недвижимости),https://hh.ru/vacancy/43492176?query=Lean,,,,https://hh.ru
Data Base Administrator (Mongo),https://hh.ru/vacancy/44181218?query=Lean,3000,5000,USD,https://hh.ru
Технолог складской логистики,https://hh.ru/vacancy/44685981?query=Lean,,,,https://hh.ru
Middle / Senior Java Developer,https://hh.ru/vacancy/43681225?query=Lean,,,,https://hh.ru
Ведущий программист 1С,https://hh.ru/vacancy/43918448?query=Lean,,300000,руб.,https://hh.ru
Clojure Developer,https://hh.ru/vacancy/44491711?query=Lean,70000,150000,руб.,https://hh.ru
SEO Manager for TuxCare,https://hh.ru/vacancy/44652177?query=Lean,,,,https://hh.ru
Главный механик,https://hh.ru/vacancy/42184907?query=Lean,90000,,руб.,https://hh.ru
SEO Manager for TuxCare,https://hh.ru/vacancy/44652176?query=Lean,,,,https://hh.ru
Скрам мастер (удаленно),https://hh.ru/vacancy/44171558?query=Lean,,,,https://hh.ru
SEO Manager for TuxCare [Remote],https://hh.ru/vacancy/44652174?query=Lean,,,,https://hh.ru
"Full stack разработчик (C#, Angular)",https://hh.ru/vacancy/44546274?query=Lean,,,,https://hh.ru
HR Partner / Expert,https://hh.ru/vacancy/44663739?query=Lean,,,,https://hh.ru
HR Partner / Expert,https://hh.ru/vacancy/44663740?query=Lean,,,,https://hh.ru
HR Partner / Expert,https://hh.ru/vacancy/44663741?query=Lean,,,,https://hh.ru
Agile coach,https://hh.ru/vacancy/44643750?query=Lean,,,,https://hh.ru
Agile Lead,https://hh.ru/vacancy/42766394?query=Lean,,,,https://hh.ru
Главный специалист управления Трансформации и Бизнес-процессов,https://hh.ru/vacancy/44269775?query=Lean,,,,https://hh.ru
Инженер,https://hh.ru/vacancy/44683831?query=Lean,,,,https://hh.ru
Тренер по направлению ИТ-менеджмент,https://hh.ru/vacancy/44188698?query=Lean,,,,https://hh.ru
"Supply Chain Director (Russia, Ukraine & CIS)",https://hh.ru/vacancy/44303750?query=Lean,,,,https://hh.ru
Скрам-мастер,https://hh.ru/vacancy/44253508?query=Lean,,,,https://hh.ru
Process Master,https://hh.ru/vacancy/44085941?query=Lean,,,,https://hh.ru
Ведущий QA инженер по тестированию (Vanessa-Automation),https://hh.ru/vacancy/44270536?query=Lean,200000,,руб.,https://hh.ru
"Архитектор 1С/Технический руководитель 1С (реглучет, ЗУП)",https://hh.ru/vacancy/43834396?query=Lean,,300000,руб.,https://hh.ru
Начальник регионального отдела обработки платежей,https://hh.ru/vacancy/44665824?query=Lean,,,,https://hh.ru
Менеджер по продукту (Product manager),https://hh.ru/vacancy/43157591?query=Lean,,,,https://hh.ru
Менеджер продукта (EdTech),https://hh.ru/vacancy/44637867?query=Lean,,,,https://hh.ru
Руководитель производственного склада,https://hh.ru/vacancy/44654010?query=Lean,,,,https://hh.ru
Руководитель пищевого производства,https://hh.ru/vacancy/36031881?query=Lean,,,,https://hh.ru
Помощник главного врача/делопроизводитель-секретарь,https://hh.ru/vacancy/44256117?query=Lean,25000,25000,руб.,https://hh.ru
Мастер цеха / Бригадир (г. Краснознаменск),https://hh.ru/vacancy/43764069?query=Lean,50000,,руб.,https://hh.ru
Мастер цеха / Бригадир (г. Краснознаменск),https://hh.ru/vacancy/43764070?query=Lean,50000,,руб.,https://hh.ru
Руководитель Проекта Локального Производства,https://hh.ru/vacancy/44605763?query=Lean,,,,https://hh.ru
Менеджер по операционной эффективности,https://hh.ru/vacancy/44585769?query=Lean,,,,https://hh.ru
Менеджер по операционной эффективности,https://hh.ru/vacancy/44585787?query=Lean,,,,https://hh.ru
Middle iOS-разработчик (Picverse),https://hh.ru/vacancy/43881638?query=Lean,,,,https://hh.ru
DevOps engineer (OTC),https://hh.ru/vacancy/44410353?query=Lean,,,,https://hh.ru
Менеджер по повышению операционной эффективности,https://hh.ru/vacancy/44343555?query=Lean,,,,https://hh.ru
Аналитик бизнес-процессов в Маркет,https://hh.ru/vacancy/43283603?query=Lean,,,,https://hh.ru
Руководитель проектов по бережливому производству,https://hh.ru/vacancy/44557926?query=Lean,70000,80000,руб.,https://hh.ru
Главный технолог,https://hh.ru/vacancy/43957617?query=Lean,,250000,руб.,https://hh.ru
Специалист по планированию производства,https://hh.ru/vacancy/43942762?query=Lean,,,,https://hh.ru
Начальник отдела операционной эффективности,https://hh.ru/vacancy/44595172?query=Lean,,,,https://hh.ru
Руководитель производства,https://hh.ru/vacancy/44590086?query=Lean,,,,https://hh.ru
Старший менеджер проектов и процессов,https://hh.ru/vacancy/44571534?query=Lean,,,,https://hh.ru
Product manager,https://hh.ru/vacancy/43700664?query=Lean,,,,https://hh.ru
Product Manager (Engagement),https://hh.ru/vacancy/44591001?query=Lean,,,,https://hh.ru
Менеджер проектов отдела развития коммерческой деятельности,https://hh.ru/vacancy/44156182?query=Lean,,,,https://hh.ru
Factory Logistics manager,https://hh.ru/vacancy/44521632?query=Lean,,,,https://hh.ru
Ведущий технолог по оптимизации складских процессов,https://hh.ru/vacancy/44546085?query=Lean,,,,https://hh.ru
Assistant of production manager,https://hh.ru/vacancy/44577954?query=Lean,,,,https://hh.ru
Assistant of production manager,https://hh.ru/vacancy/44577955?query=Lean,,,,https://hh.ru
Assistant of production manager,https://hh.ru/vacancy/44577956?query=Lean,,,,https://hh.ru
Assistant of production manager,https://hh.ru/vacancy/44577893?query=Lean,,,,https://hh.ru
Assistant of production manager,https://hh.ru/vacancy/44577856?query=Lean,,,,https://hh.ru
Менеджер по инвестиционным проектам,https://hh.ru/vacancy/42894700?query=Lean,,,,https://hh.ru
Middle / Senior Big Data Engineer,https://hh.ru/vacancy/43892350?query=Lean,,,,https://hh.ru
Бизнес-аналитик (операционная эффективность),https://hh.ru/vacancy/44527656?query=Lean,,,,https://hh.ru
Архитектор бизнес процессов,https://hh.ru/vacancy/43726849?query=Lean,,,,https://hh.ru
"Ведущий специалист процессного управления, Аналитик Бизнес-процессов",https://hh.ru/vacancy/42940911?query=Lean,,,,https://hh.ru
Quality Manager,https://hh.ru/vacancy/44512695?query=Lean,,,,https://hh.ru
Владелец продукта для внутренних Data&Analytics продуктов,https://hh.ru/vacancy/44550608?query=Lean,,,,https://hh.ru
Мастер на участок производства (Калужская область),https://hh.ru/vacancy/44554421?query=Lean,,,,https://hh.ru
Мастер/ участок производства (Калужская область),https://hh.ru/vacancy/44554312?query=Lean,,,,https://hh.ru
"Мастер (участок производства, Калужская область)",https://hh.ru/vacancy/44554370?query=Lean,,,,https://hh.ru
Delivery Manager,https://hh.ru/vacancy/44532565?query=Lean,,,,https://hh.ru
Руководитель отдела по стандартизации бизнес-процессов,https://hh.ru/vacancy/43748729?query=Lean,,,,https://hh.ru
Руководитель производственного склада,https://hh.ru/vacancy/43932959?query=Lean,,,,https://hh.ru
Руководитель отдела по стандартизации бизнес-процессов,https://hh.ru/vacancy/43728001?query=Lean,,,,https://hh.ru
Специалист по ГО и ЧС и пожарной безопасности,https://hh.ru/vacancy/44597836?query=Lean,,,,https://hh.ru
Kaizen Promoting Officer,https://hh.ru/vacancy/41178078?query=Lean,,,,https://hh.ru
Менеджер по развитию бизнес-процессов,https://hh.ru/vacancy/43123728?query=Lean,,,,https://hh.ru
Методолог корпоративного риск-менеджмента,https://hh.ru/vacancy/42984883?query=Lean,,,,https://hh.ru
"Аналитик 1С (WMS, розница)",https://hh.ru/vacancy/44526112?query=Lean,150000,300000,руб.,https://hh.ru
Технолог складской логистики,https://hh.ru/vacancy/43677549?query=Lean,,,,https://hh.ru
Технолог складской логистики,https://hh.ru/vacancy/43677565?query=Lean,,,,https://hh.ru
Директор пищевого производства,https://hh.ru/vacancy/44466096?query=Lean,,,,https://hh.ru
Ведущий технолог,https://hh.ru/vacancy/40776598?query=Lean,,,,https://hh.ru
Главный специалист по методологии проектного управления [id78961],https://hh.ru/vacancy/43598077?query=Lean,,,,https://hh.ru
Младший специалист по картофельному процессу,https://hh.ru/vacancy/44520258?query=Lean,,,,https://hh.ru
"Senior .NET Engineer, Online Genealogy Service",https://hh.ru/vacancy/44562249?query=Lean,,,,https://hh.ru
Старший бизнес-аналитик в группу Technology,https://hh.ru/vacancy/44484081?query=Lean,,,,https://hh.ru
Leader MaxiPRO,https://hh.ru/vacancy/44487983?query=Lean,,,,https://hh.ru
Бизнес-аналитик в группу Technology,https://hh.ru/vacancy/44481399?query=Lean,,,,https://hh.ru
Руководитель отдела организационного развития,https://hh.ru/vacancy/43829869?query=Lean,,,,https://hh.ru
Senior HR Operations Advisor,https://hh.ru/vacancy/44480637?query=Lean,,,,https://hh.ru
Технолог терминала,https://hh.ru/vacancy/43710743?query=Lean,,,,https://hh.ru
Ведущий технолог,https://hh.ru/vacancy/42950378?query=Lean,,,,https://hh.ru
Ведущий технолог,https://hh.ru/vacancy/42907623?query=Lean,,,,https://hh.ru
Эксперт по управлению оттоком и лояльностью,https://hh.ru/vacancy/42886171?query=Lean,,,,https://hh.ru
Android Developer (Сбербанк Инвестор - депозитарные услуги),https://hh.ru/vacancy/44449155?query=Lean,,,,https://hh.ru
Менеджер по оптимизации бизнес-процессов,https://hh.ru/vacancy/44378184?query=Lean,,,,https://hh.ru
Мастер на участок производства (Калужская область),https://hh.ru/vacancy/44554473?query=Lean,,,,https://hh.ru
Консультант — Группа по повышению операционной эффективности — Департамент консалтинга,https://hh.ru/vacancy/44388694?query=Lean,,,,https://hh.ru
Head of system engineering department,https://hh.ru/vacancy/43957157?query=Lean,,,,https://hh.ru
Руководитель отдела логистики и складского хозяйства,https://hh.ru/vacancy/44430702?query=Lean,2300,,бел. руб.,https://hh.ru
Инженер по упаковке,https://hh.ru/vacancy/44296495?query=Lean,,,,https://hh.ru
Руководитель IT проектов,https://hh.ru/vacancy/42041768?query=Lean,,,,https://hh.ru
"Senior Consumer Insights Analyst, Gum category (MEU region)",https://hh.ru/vacancy/44408624?query=Lean,,,,https://hh.ru
Senior Business/System Analyst (Policy Team),https://hh.ru/vacancy/40848492?query=Lean,,,,https://hh.ru
Business/System Analyst (Policy),https://hh.ru/vacancy/42198401?query=Lean,,,,https://hh.ru
Agile-coach,https://hh.ru/vacancy/38950113?query=Lean,,,,https://hh.ru
Руководитель направления развития и поддержки кредитных операций юридических лиц,https://hh.ru/vacancy/44431897?query=Lean,,,,https://hh.ru
Business Analyst (Atlassian) / Бизнес аналитик (атлассиан),https://hh.ru/vacancy/44378867?query=Lean,,,,https://hh.ru
Специалист по оптимизации WMS,https://hh.ru/vacancy/44384377?query=Lean,100000,,руб.,https://hh.ru
Технолог по складской логистике,https://hh.ru/vacancy/44392994?query=Lean,,,,https://hh.ru
Технолог по складской логистике,https://hh.ru/vacancy/44392992?query=Lean,,,,https://hh.ru
Product Owner / Продакт-менеджер,https://hh.ru/vacancy/43510404?query=Lean,,,,https://hh.ru
Технолог по складской логистике,https://hh.ru/vacancy/44392993?query=Lean,,,,https://hh.ru
Productivity Analyst,https://hh.ru/vacancy/44360353?query=Lean,,,,https://hh.ru
Оператор производственного процесса,https://hh.ru/vacancy/39958043?query=Lean,,,,https://hh.ru
Project Manager,https://hh.ru/vacancy/44251503?query=Lean,,,,https://hh.ru
"Solution Architect (Delivery, AWS, remote)",https://hh.ru/vacancy/43544792?query=Lean,,,,https://hh.ru
"Старший инженер (Семей, операционная эффективность)",https://hh.ru/vacancy/44189735?query=Lean,,,,https://hh.ru
Big Data Engineer (With Training),https://hh.ru/vacancy/44320807?query=Lean,,,,https://hh.ru
Системный аналитик,https://hh.ru/vacancy/43491293?query=Lean,100000,150000,руб.,https://hh.ru
Agile manager,https://hh.ru/vacancy/43508426?query=Lean,,,,https://hh.ru
Senior Data Scientist (NLP),https://hh.ru/vacancy/44329503?query=Lean,,,,https://hh.ru
Региональный менеджер по развитию RTM и управлению проектами,https://hh.ru/vacancy/42036284?query=Lean,,,,https://hh.ru
Product owner - Virtual clinic,https://hh.ru/vacancy/43125306?query=Lean,,,,https://hh.ru
Инженер Бизнес Системы Нордголд (операционная эффективность),https://hh.ru/vacancy/44162497?query=Lean,,,,https://hh.ru
Senior IOS-developer (депозитарий),https://hh.ru/vacancy/42767441?query=Lean,,,,https://hh.ru
VET Digital Services Manager,https://hh.ru/vacancy/44329378?query=Lean,,,,https://hh.ru
Менеджер отдела технического обслуживания производства,https://hh.ru/vacancy/44278023?query=Lean,,,,https://hh.ru
Ведущий инженер-технолог,https://hh.ru/vacancy/44285313?query=Lean,130000,,руб.,https://hh.ru
Scrum Master (Remote),https://hh.ru/vacancy/42816625?query=Lean,,,,https://hh.ru
Retail Store Manager,https://hh.ru/vacancy/44314237?query=Lean,,,,https://hh.ru
Менеджер по снабжению,https://hh.ru/vacancy/44328068?query=Lean,52000,66000,руб.,https://hh.ru
Системный аналитик (Сбербанк Инвестор),https://hh.ru/vacancy/44287197?query=Lean,,,,https://hh.ru
Директор по производству,https://hh.ru/vacancy/43827610?query=Lean,,,,https://hh.ru
Инженер-технолог,https://hh.ru/vacancy/43688044?query=Lean,100000,,руб.,https://hh.ru
Менеджер по работе с текущими клиентами в рекламное агентство,https://hh.ru/vacancy/44301403?query=Lean,70000,100000,руб.,https://hh.ru
Scrum master / Agile coach,https://hh.ru/vacancy/35038536?query=Lean,100000,160000,руб.,https://hh.ru
Менеджер по процессам (Лобня),https://hh.ru/vacancy/41610508?query=Lean,,,,https://hh.ru
Ведущий специалист по бережливому производству [id20622],https://hh.ru/vacancy/44073344?query=Lean,,,,https://hh.ru
Senior solidity developer,https://hh.ru/vacancy/44200659?query=Lean,,,,https://hh.ru
Специалист по операционной эффективности,https://hh.ru/vacancy/41692874?query=Lean,,,,https://hh.ru
Quality Assurance and Regulatory Affairs Leader,https://hh.ru/vacancy/44151113?query=Lean,,,,https://hh.ru
Oracle Developer,https://hh.ru/vacancy/44225920?query=Lean,,,,https://hh.ru
Технолог складской логистики,https://hh.ru/vacancy/43677542?query=Lean,,,,https://hh.ru
"Локальный OPEX-инженер/специалист (иностранная компания, г. Дзержинский)",https://hh.ru/vacancy/43624990?query=Lean,,,,https://hh.ru
Главный инженер (Технический директор),https://hh.ru/vacancy/43369466?query=Lean,,,,https://hh.ru
Старший менеджер по развитию бизнес-технологий CVM,https://hh.ru/vacancy/44110426?query=Lean,,,,https://hh.ru
Project manager,https://hh.ru/vacancy/44119718?query=Lean,,,,https://hh.ru
Customer Satisfaction & Quality Manager,https://hh.ru/vacancy/44108552?query=Lean,,,,https://hh.ru
Руководитель группы проектов Дирекции продаж и маркетинга,https://hh.ru/vacancy/43364725?query=Lean,,,,https://hh.ru
Исполнительный директор (торгово-производственная компания),https://hh.ru/vacancy/44141662?query=Lean,,,,https://hh.ru
Исполнительный директор управления проектного и процессного менеджмента,https://hh.ru/vacancy/44053211?query=Lean,,,,https://hh.ru
Управляющий директор управления проектного и процессного менеджмента,https://hh.ru/vacancy/44053271?query=Lean,,,,https://hh.ru
Business/System Analyst (Tooling),https://hh.ru/vacancy/43343212?query=Lean,,,,https://hh.ru
Младший руководитель проектной группы,https://hh.ru/vacancy/42611576?query=Lean,,,,https://hh.ru
Ведущий технолог,https://hh.ru/vacancy/41676930?query=Lean,,,,https://hh.ru
Ведущий технолог,https://hh.ru/vacancy/41678189?query=Lean,,,,https://hh.ru
Ведущий технолог,https://hh.ru/vacancy/41678190?query=Lean,,,,https://hh.ru
Agile-коуч,https://hh.ru/vacancy/43958231?query=Lean,,,,https://hh.ru
Руководитель смены,https://hh.ru/vacancy/40718042?query=Lean,,,,https://hh.ru
Руководитель смены,https://hh.ru/vacancy/40811960?query=Lean,,,,https://hh.ru
Руководитель смены,https://hh.ru/vacancy/40811961?query=Lean,,,,https://hh.ru
Руководитель смены,https://hh.ru/vacancy/40811962?query=Lean,,,,https://hh.ru
Руководитель смены,https://hh.ru/vacancy/42518587?query=Lean,,,,https://hh.ru
Руководитель проектов,https://hh.ru/vacancy/43998627?query=Lean,,,,https://hh.ru
Руководитель смены,https://hh.ru/vacancy/44069983?query=Lean,130000,,руб.,https://hh.ru
Менеджер по продукту (Product manager/Product owner),https://hh.ru/vacancy/44011756?query=Lean,,,,https://hh.ru
Lead Big Data Engineer (AWS),https://hh.ru/vacancy/43275173?query=Lean,,,,https://hh.ru
Категорийный эксперт / тренер по технологическому процессу,https://hh.ru/vacancy/43993357?query=Lean,,,,https://hh.ru
Менеджер по пищевой безопасности,https://hh.ru/vacancy/44067050?query=Lean,,,,https://hh.ru
QA Mobile Team Lead,https://hh.ru/vacancy/44094705?query=Lean,,,,https://hh.ru
HSE Manager,https://hh.ru/vacancy/44015132?query=Lean,,,,https://hh.ru
Senior Project manager,https://hh.ru/vacancy/42944395?query=Lean,,,,https://hh.ru
SQA Packs Technologist,https://hh.ru/vacancy/44044064?query=Lean,,,,https://hh.ru
Владелец продукта для внутренних Data&Analytics продуктов Магнит,https://hh.ru/vacancy/43939454?query=Lean,,,,https://hh.ru
Инженер по отделочным работам,https://hh.ru/vacancy/44027031?query=Lean,,,,https://hh.ru
Специалист по операционной эффективности,https://hh.ru/vacancy/41692943?query=Lean,,,,https://hh.ru
"Управляющий проектами web-разработки, удаленно",https://hh.ru/vacancy/43824135?query=Lean,80000,140000,руб.,https://hh.ru
Главный конструктор /Технический руководитель группы,https://hh.ru/vacancy/43370766?query=Lean,,,,https://hh.ru
Специалист по операционной эффективности,https://hh.ru/vacancy/42196705?query=Lean,,,,https://hh.ru
Специалист по операционной эффективности,https://hh.ru/vacancy/42196707?query=Lean,,,,https://hh.ru
Главный специалист (развития персонала в рамках производственной системы),https://hh.ru/vacancy/43999518?query=Lean,,,,https://hh.ru
Специалист по операционной эффективности,https://hh.ru/vacancy/42196703?query=Lean,,,,https://hh.ru
Ведущий .NET разработчик,https://hh.ru/vacancy/44148456?query=Lean,80000,150000,руб.,https://hh.ru
Руководитель участка по ремонту холодильного оборудования,https://hh.ru/vacancy/43929390?query=Lean,,,,https://hh.ru
Руководитель операций сортировки и отгрузки,https://hh.ru/vacancy/43930708?query=Lean,,,,https://hh.ru
Ведущий .NET разработчик,https://hh.ru/vacancy/44148455?query=Lean,80000,150000,руб.,https://hh.ru
Начальник отдела автоматизации и поддержки продаж (B2B),https://hh.ru/vacancy/43925927?query=Lean,,,,https://hh.ru
Специалист по операционной эффективности,https://hh.ru/vacancy/42196706?query=Lean,,,,https://hh.ru
Руководитель отдела маркетинга,https://hh.ru/vacancy/43969392?query=Lean,170000,300000,руб.,https://hh.ru
Главный специалист (развития персонала в рамках производственной системы),https://hh.ru/vacancy/43999745?query=Lean,,,,https://hh.ru
Главный специалист (развития персонала в рамках производственной системы),https://hh.ru/vacancy/43999695?query=Lean,,,,https://hh.ru
Project Manager/Руководитель интернет проекта,https://hh.ru/vacancy/43975655?query=Lean,,,,https://hh.ru
Frontend Developer (Angular),https://hh.ru/vacancy/43922396?query=Lean,90000,150000,руб.,https://hh.ru
